{
  "MultinomialNB": {
    "accuracy": 0.9719363891487371,
    "precision": 0.9453125,
    "recall": 0.9029850746268657,
    "f1": 0.9236641221374046
  },
  "LogisticRegression": {
    "accuracy": 0.9700654817586529,
    "precision": 0.9747191011235955,
    "recall": 0.8631840796019901,
    "f1": 0.9155672823218998
  }
}